movie_id,user_id,rating
tt0111161,hitchcockthelegend,10
tt0111161,Sleepin_Dragon,10
tt0111161,EyeDunno,10
tt0111161,alexkolokotronis,10
tt0111161,kaspen12,10
tt0111161,TheLittleSongbird,10
tt0111161,Coxer99,10
tt0111161,baumer,10
tt0111161,nowego,10
tt0111161,gavin6942,10
tt0068646,CalRhys,
tt0068646,andrewburgereviews,10
tt0068646,Sleepin_Dragon,10
tt0068646,gogoschka-1,10
tt0068646,alexkolokotronis,10
tt0068646,MrHeraclius,
tt0068646,b-a-h TNT-6,10
tt0068646,planktonrules,10
tt0068646,mattrochman,10
tt0068646,TheLittleSongbird,10
tt0468569,MrHeraclius,
tt0468569,Smells_Like_Cheese,10
tt0468569,dseferaj,10
tt0468569,littlemartinarocena,9
tt0468569,filmquestint,10
tt0468569,Aegontheconqueror,10
tt0468569,kosmasp,10
tt0468569,johnnymacbest,10
tt0468569,melwinbauer,10
tt0468569,redbullrex,9
tt0108052,Gordon-11,
tt0108052,ebiros2,10
tt0108052,Fella_shibby,10
tt0108052,padawanmovies,9
tt0108052,vtburns,
tt0108052,EVON1TY,10
tt0108052,giraffelover,
tt0108052,mark.waltz,10
tt0108052,SnoopyStyle,10
tt0108052,Instant_Palmer,10
tt0050083,uds3,
tt0050083,tedg,
tt0050083,tfrizzell,
tt0050083,mark.waltz,10
tt0050083,henriquelrf,10
tt0050083,Smells_Like_Cheese,10
tt0050083,TheLittleSongbird,10
tt0050083,vukodlak,10
tt0050083,juho69,9
tt0050083,kosmasp,10
tt0071562,Nazi_Fighter_David,10
tt0071562,tfrizzell,
tt0071562,DanB-4,10
tt0071562,umunir-36959,10
tt0071562,MovieAddict2016,10
tt0071562,MrHeraclius,
tt0071562,OriginalMovieBuff21,10
tt0071562,jzappa,10
tt0071562,taimur74,10
tt0071562,galileo3,10
tt0167260,auuwws,10
tt0167260,OttoVonB,10
tt0167260,MrHeraclius,
tt0167260,diffguy,10
tt0167260,TheLittleSongbird,10
tt0167260,GuyCC,10
tt0167260,Leofwine_draca,10
tt0167260,Derek237,10
tt0167260,terrylarosa,10
tt0167260,Hitchcoc,10
tt0110912,kylopod,10
tt0110912,bevo-13678,10
tt0110912,SebMoz,10
tt0110912,gogoschka-1,10
tt0110912,gautammayya,10
tt0110912,hockeydog-75085,10
tt0110912,tfrizzell,
tt0110912,jaaanmerz,10
tt0110912,Jeremy_Urquhart,10
tt0110912,auuwws,9
tt1375666,adrien_ngoc_1701,10
tt1375666,EVON1TY,10
tt1375666,srcooper-756-646671,10
tt1375666,mrmocun,10
tt1375666,naman-avastol,10
tt1375666,Ch4ndler_B1ng,10
tt1375666,D_Burke,10
tt1375666,planktonrules,8
tt1375666,konradbuczak,8
tt1375666,dvc5159,8
tt0109830,Smells_Like_Cheese,10
tt0109830,thomas-hardcastle-2,10
tt0109830,Zonieboy,10
tt0109830,inspectors71,9
tt0109830,Hitchcoc,10
tt0109830,blairgallop7,10
tt0109830,kenhe,10
tt0109830,george.schmidt,10
tt0109830,schmimic,10
tt0109830,john in missouri,10
tt0137523,Pukeonthestreet,10
tt0137523,grantss,10
tt0137523,Leofwine_draca,10
tt0137523,gogoschka-1,10
tt0137523,TheLittleSongbird,9
tt0137523,trosati-98923,10
tt0137523,ArthvrPendrag0n,8
tt0137523,MrPupkin,10
tt0137523,johnnysilverhand-13047,10
tt0137523,angryleprechaun,10
tt0120737,ccthemovieman-1,10
tt0120737,mosquitobite,10
tt0120737,bonnie91,10
tt0120737,adamscastlevania2,10
tt0120737,MrHeraclius,
tt0120737,NRGWasp,10
tt0120737,classicsoncall,10
tt0120737,Leofwine_draca,10
tt0120737,jaesboxer,10
tt0120737,EVON1TY,10
tt0060196,Smells_Like_Cheese,10
tt0060196,MadReviewer,10
tt0060196,Quinoa1984,10
tt0060196,murtaza_mma,10
tt0060196,spider89119,10
tt0060196,gogoschka-1,10
tt0060196,Steffi_P,10
tt0060196,perica-43151,10
tt0060196,dr_foreman,10
tt0060196,steven-f-freeman,10
tt0167261,Loving_Silence,10
tt0167261,classicsoncall,10
tt0167261,auuwws,10
tt0167261,tfrizzell,
tt0167261,Boba_Fett1138,10
tt0167261,MrHeraclius,
tt0167261,TheLittleSongbird,10
tt0167261,grendelkhan,
tt0167261,rc_whittle,10
tt0167261,EVON1TY,10
tt15097216,santhosh-10290,10
tt15097216,ahamedmn,10
tt15097216,magadalwarmayur,7
tt15097216,cs_rahul_kumar,10
tt15097216,rosheenkan,10
tt15097216,ashishpalatown,10
tt15097216,m-ramanan,10
tt15097216,classicsoncall,8
tt15097216,ajaynkumar,10
tt15097216,akshatmahajan,8
tt0816692,kosmasp,10
tt0816692,Jared_Andrews,10
tt0816692,aheaven2005,10
tt0816692,e-jackson1985,10
tt0816692,theoledoux,10
tt0816692,Ksa-2010,10
tt0816692,ravesch-83770,10
tt0816692,Tweekums,9
tt0816692,gavin6942,9
tt0816692,mysteryvoiceman,10
tt0099685,gogoschka-1,10
tt0099685,MovieAddict2016,10
tt0099685,AlsExGal,10
tt0099685,TheLittleSongbird,10
tt0099685,mhasheider,10
tt0099685,OriginalMovieBuff21,10
tt0099685,whoisfishmooney,10
tt0099685,tfrizzell,
tt0099685,alicetich,10
tt0099685,arthurclay,
tt0133093,acedj,10
tt0133093,suryanmukul,10
tt0133093,xNecRosex,10
tt0133093,coasterdude44,10
tt0133093,gogoschka-1,10
tt0133093,MrHeraclius,
tt0133093,Kirpianuscus,
tt0133093,MinorityReporter,10
tt0133093,KissEnglishPasto,10
tt0133093,UniqueParticle,10
tt0073486,Wuchakk,9
tt0073486,pyrocitor,10
tt0073486,TBJCSKCNRRQTreviews,10
tt0073486,philip_vanderveken,10
tt0073486,perica-43151,10
tt0073486,Don-102,10
tt0073486,Agent10,9
tt0073486,tfrizzell,
tt0073486,Quinoa1984,10
tt0073486,b1lskirnir,10
tt0080684,bob the moo,
tt0080684,ivo-cobra8,10
tt0080684,UniqueParticle,10
tt0080684,TxMike,
tt0080684,Spleen,10
tt0080684,Anonymous_Maxine,10
tt0080684,SnoopyStyle,10
tt0080684,TheNorthernMonkee,10
tt0080684,TheLittleSongbird,10
tt0080684,MovieAddict2016,10
tt0076759,FiendishDramaturgy,10
tt0076759,ivo-cobra8,10
tt0076759,UniqueParticle,10
tt0076759,Bogmeister,9
tt0076759,mentalcritic,
tt0076759,SantiagoDM1,10
tt0076759,TheLittleSongbird,10
tt0076759,Sfpsycho415,10
tt0076759,budmassey,10
tt0076759,paul_haakonsen,10
tt0114369,preppy-3,9
tt0114369,Boba_Fett1138,10
tt0114369,TheLittleSongbird,10
tt0114369,tomgillespie2002,10
tt0114369,hitchcockthelegend,10
tt0114369,chvylvr80,10
tt0114369,RedRoadster,10
tt0114369,mjw2305,10
tt0114369,winner55,9
tt0114369,johnmbale,10
tt0120689,Movie-12,10
tt0120689,thinker1691,9
tt0120689,DemonKiki,10
tt0120689,bkoganbing,10
tt0120689,oundjianm,10
tt0120689,jlacerra,10
tt0120689,deepaknarwal88,10
tt0120689,EVON1TY,10
tt0120689,Angel-54,
tt0120689,MrHeraclius,
tt0102926,MaxBorg89,10
tt0102926,tfrizzell,
tt0102926,Fella_shibby,10
tt0102926,ccthemovieman-1,10
tt0102926,Smells_Like_Cheese,10
tt0102926,Sargebri,
tt0102926,pooch-8,
tt0102926,wellthatswhatithinkanyway,10
tt0102926,Scudder-3,
tt0102926,BaronBl00d,
tt0120815,j-a-julian,10
tt0120815,keving4241,10
tt0120815,classicsoncall,10
tt0120815,MrHeraclius,
tt0120815,ToldYaSo,9
tt0120815,Leofwine_draca,9
tt0120815,KissEnglishPasto,10
tt0120815,dedjim,
tt0120815,ccthemovieman-1,10
tt0120815,TheLittleSongbird,8
tt0317248,TheLittleSongbird,10
tt0317248,SnoopyStyle,8
tt0317248,Decko_koji_obecava,
tt0317248,tjcclarke,10
tt0317248,trelloskilos-1,10
tt0317248,ccthemovieman-1,8
tt0317248,panjshir_lion,10
tt0317248,kosmasp,9
tt0317248,ElChivoDave,10
tt0317248,michaelgs,
tt0103064,TOMASBBloodhound,10
tt0103064,851222,10
tt0103064,Smells_Like_Cheese,10
tt0103064,mjw2305,10
tt0103064,MovieAddict2016,10
tt0103064,SnoopyStyle,10
tt0103064,ivo-cobra8,10
tt0103064,MrHeraclius,
tt0103064,Calicodreamin,10
tt0103064,TheLittleSongbird,10
tt0245429,gogoschka-1,10
tt0245429,Morejambo54,7
tt0245429,Buddy-51,
tt0245429,supertom-3,10
tt0245429,Le-Samourai,
tt0245429,MrHeraclius,
tt0245429,planktonrules,9
tt0245429,shanebuckland,10
tt0245429,Balibari,9
tt0245429,JWick23,
tt0118799,Xstal,9
tt0118799,Anonymous_Maxine,10
tt0118799,Monika-5,
tt0118799,DansLeNoir,
tt0118799,Nazi_Fighter_David,10
tt0118799,amira_berzi,9
tt0118799,Serpico-7,9
tt0118799,gaur-abhi,9
tt0118799,planktonrules,10
tt0118799,Sleepin_Dragon,9
tt0047478,OttoVonB,10
tt0047478,Snow Leopard,
tt0047478,Quinoa1984,10
tt0047478,gkbazalo,
tt0047478,Davor_Blazevic_1959,10
tt0047478,PureCinema,10
tt0047478,salfamily,10
tt0047478,Sleepin_Dragon,10
tt0047478,Platypuschow,9
tt0047478,simon_booth,10
tt0038650,bkoganbing,10
tt0038650,Coxer99,10
tt0038650,TheLittleSongbird,10
tt0038650,FlickJunkie-2,10
tt0038650,PyrolyticCarbon,10
tt0038650,dweck,
tt0038650,Aidan McGuinness,9
tt0038650,JFHunt,10
tt0038650,auuwws,10
tt0038650,brianlion,10
tt0056058,noralee,10
tt0056058,Galina_movie_fan,10
tt0056058,OttoVonB,10
tt0056058,futures-1,
tt0056058,frankde-jong,10
tt0056058,Duree,10
tt0056058,lstrawser,10
tt0056058,jonsefcik,9
tt0056058,perica-43151,10
tt0056058,claudio_carvalho,10
tt0110413,tjcclarke,10
tt0110413,Fella_shibby,9
tt0110413,Leofwine_draca,10
tt0110413,Xstal,9
tt0110413,claudio_carvalho,10
tt0110413,saikatsamanta,10
tt0110413,Insincere Dave,10
tt0110413,Methos-7,10
tt0110413,Twinsen61,9
tt0110413,Gjay2,7
tt6751668,Jeremy_Urquhart,10
tt6751668,jtindahouse,8
tt6751668,bob the moo,
tt6751668,nehpetstephen,10
tt6751668,Leofwine_draca,10
tt6751668,mysticfall,10
tt6751668,avindugunasinghe,8
tt6751668,keezo9uno,10
tt6751668,boblipton,10
tt6751668,impeyrules-54634,9
tt0088763,TheLittleSongbird,10
tt0088763,Chrysanthepop,
tt0088763,Anonymous_Maxine,10
tt0088763,mm-39,10
tt0088763,ivo-cobra8,10
tt0088763,george.schmidt,
tt0088763,gavin6942,9
tt0088763,Leofwine_draca,10
tt0088763,Big Movie Fan,
tt0088763,Sleepin_Dragon,10
tt0407887,bkoganbing,10
tt0407887,Leofwine_draca,10
tt0407887,James_Denton,10
tt0407887,MaxBorg89,10
tt0407887,damianphelps,8
tt0407887,Billy_Costigan,
tt0407887,Alwood,10
tt0407887,General_Turgidson,10
tt0407887,Theo Robertson,7
tt0407887,bob the moo,
tt0172495,hitchcockthelegend,10
tt0172495,mahmus,8
tt0172495,ajkbiotech,10
tt0172495,nathanmanson,8
tt0172495,MrHeraclius,
tt0172495,Sleepin_Dragon,10
tt0172495,TheLittleSongbird,9
tt0172495,david-meldrum,8
tt0172495,jaredpahl,9
tt0172495,ccthemovieman-1,8
tt2582802,TheMovieDiorama,10
tt2582802,planktonrules,9
tt2582802,Sergeant_Tibbs,10
tt2582802,ferguson-6,8
tt2582802,bbickley13-921-58664,9
tt2582802,troy-daniel-bush,10
tt2582802,CalRhys,
tt2582802,drakula2005,9
tt2582802,Sleepin_Dragon,10
tt2582802,xiaohei-80112,10
tt0482571,ccthemovieman-1,10
tt0482571,NpMoviez,10
tt0482571,murtaza_mma,10
tt0482571,DICK STEEL,10
tt0482571,iohefy-2,9
tt0482571,gavin6942,10
tt0482571,Horst_In_Translation,8
tt0482571,Hitchcoc,10
tt0482571,SnoopyStyle,9
tt0482571,Flagrant-Baronessa,9
tt0078748,Sleepin_Dragon,10
tt0078748,gogoschka-1,10
tt0078748,Fella_shibby,9
tt0078748,ivo-cobra8,10
tt0078748,zetes,10
tt0078748,bob the moo,
tt0078748,deepfrieddodo,10
tt0078748,hellholehorror,10
tt0078748,Infofreak,
tt0078748,BroadswordCallinDannyBoy,10
tt0110357,Smells_Like_Cheese,10
tt0110357,Quinoa1984,10
tt0110357,claudonio,10
tt0110357,Special-K88,
tt0110357,tfrizzell,
tt0110357,movieguy1021,9
tt0110357,MrHeraclius,
tt0110357,gdswalia,10
tt0110357,chadgeri,10
tt0110357,TheLittleSongbird,10
tt0114814,dbdumonteil,10
tt0114814,Hitchcoc,9
tt0114814,Infofreak,
tt0114814,thinker1691,9
tt0114814,TIDQ,10
tt0114814,briancham1994,6
tt0114814,Agent10,10
tt0114814,tfrizzell,
tt0114814,illbebackreviews,8
tt0114814,bob the moo,
tt0253474,Smells_Like_Cheese,10
tt0253474,baumer,
tt0253474,Fella_shibby,10
tt0253474,FilmOtaku,8
tt0253474,jotix100,10
tt0253474,Quinoa1984,10
tt0253474,classicsoncall,10
tt0253474,dtb,10
tt0253474,Nazi_Fighter_David,10
tt0253474,baba44713,9
tt0054215,telegonus,10
tt0054215,AlsExGal,10
tt0054215,ccthemovieman-1,10
tt0054215,slokes,10
tt0054215,arichmondfwc,10
tt0054215,littlemartinarocena,10
tt0054215,TheLittleSongbird,10
tt0054215,Smells_Like_Cheese,10
tt0054215,ma-cortes,8
tt0054215,Hitchcoc,10
tt0120586,Boba_Fett1138,10
tt0120586,behbehseta,10
tt0120586,alexkolokotronis,10
tt0120586,classicsoncall,9
tt0120586,seventhsamurai1954,10
tt0120586,Smells_Like_Cheese,10
tt0120586,Anonymous_Maxine,10
tt0120586,Leofwine_draca,8
tt0120586,exa56,10
tt0120586,mark.waltz,10
tt1675434,OttoVonB,10
tt1675434,ElMaruecan82,10
tt1675434,jvdesuit1,10
tt1675434,n-buenning,10
tt1675434,bakor24-1,9
tt1675434,jessie-39,10
tt1675434,claudio_carvalho,9
tt1675434,rightwingisevil,
tt1675434,jo_steins,10
tt1675434,kosmasp,9
tt0034583,slokes,10
tt0034583,Jaymay,10
tt0034583,bkoganbing,10
tt0034583,kdryan,10
tt0034583,ElMaruecan82,10
tt0034583,smatysia,10
tt0034583,Doylenf,
tt0034583,Dockelektro,10
tt0034583,Snow Leopard,
tt0034583,planktonrules,10
tt0064116,TheDragonTrader,10
tt0064116,gogoschka-1,10
tt0064116,myriamlenys,9
tt0064116,Jeremy_Urquhart,10
tt0064116,thinker1691,9
tt0064116,alansabljakovic-39044,9
tt0064116,secondtake,8
tt0064116,mattywoh,9
tt0064116,stryker-5,
tt0064116,daxsir,10
tt0095327,dee.reid,10
tt0095327,Lupercali,10
tt0095327,howard.schumann,
tt0095327,The_Fifth_Echo,10
tt0095327,TheLittleSongbird,10
tt0095327,Theoron,
tt0095327,Teebs2,10
tt0095327,gavin6942,8
tt0095327,Leofwine_draca,10
tt0095327,dbborroughs,9
tt0047396,Snow Leopard,
tt0047396,Smells_Like_Cheese,10
tt0047396,FlickJunkie-2,10
tt0047396,TheLittleSongbird,10
tt0047396,Quinoa1984,10
tt0047396,dxia,10
tt0047396,michaelRokeefe,9
tt0047396,yocarlosvarelapr,10
tt0047396,DennisLittrell,8
tt0047396,dtb,10
tt0095765,DrLenera,
tt0095765,ccthemovieman-1,8
tt0095765,preppy-3,10
tt0095765,caspian1978,10
tt0095765,boblipton,10
tt0095765,doeadear,9
tt0095765,TheLittleSongbird,10
tt0095765,Boyo-2,
tt0095765,darkside2003,10
tt0095765,michaelsjmurphy,10
tt0027977,gogoschka-1,9
tt0027977,evanston_dad,7
tt0027977,Xstal,8
tt0027977,851222,9
tt0027977,Horror-yo,8
tt0027977,Teyss,10
tt0027977,ma-cortes,8
tt0027977,Anonymous_Maxine,10
tt0027977,bkrauser-81-311064,10
tt0027977,razwee,10
tt0021749,Quinoa1984,10
tt0021749,EUyeshima,10
tt0021749,Snow Leopard,
tt0021749,Anonymous_Maxine,10
tt0021749,ccthemovieman-1,9
tt0021749,Michael_Elliott,
tt0021749,Nazi_Fighter_David,9
tt0021749,bob the moo,
tt0021749,Xstal,8
tt0021749,Thunderbuck,
tt4154796,MoistMovies,7
tt4154796,dschlatter,7
tt4154796,ACollegeStudent,8
tt4154796,davyjones-636363,10
tt4154796,dhiraj-yahoo,10
tt4154796,ahmetkozan,10
tt4154796,salirocket,
tt4154796,larshoeijmans,10
tt4154796,ymyuseda,10
tt4154796,patrickpink2013,8
tt4633694,planktonrules,10
tt4633694,Hitchcoc,10
tt4633694,matthewssilverhammer,8
tt4633694,eaglescout910,10
tt4633694,cafesmitty,10
tt4633694,BandSAboutMovies,10
tt4633694,soulsplosion,10
tt4633694,Cizzurp215,10
tt4633694,thinslicing,10
tt4633694,rannynm,10
tt0082971,snoozejonc,10
tt0082971,Xstal,9
tt0082971,acedj,9
tt0082971,baumer,10
tt0082971,PyrolyticCarbon,10
tt0082971,CuriosityKilledShawn,9
tt0082971,Nazi_Fighter_David,9
tt0082971,MrHeraclius,
tt0082971,Aaron1375,10
tt0082971,belzebuebchen,10
tt4154756,RJBrez,10
tt4154756,MrHeraclius,
tt4154756,Alex_Lo,10
tt4154756,grztxks,10
tt4154756,andreascaloni,9
tt4154756,uzair-36867,10
tt4154756,lalit28595,10
tt4154756,Abdulxoxo,8
tt4154756,Puroo,10
tt4154756,muhammad-66903,10
tt0364569,Leofwine_draca,10
tt0364569,Xstal,10
tt0364569,johnny-08,10
tt0364569,bur_007,10
tt0364569,Genevieve_X,9
tt0364569,paulclaassen,5
tt0364569,lucas739,9
tt0364569,LeroyBrown-2,8
tt0364569,kywoo7,9
tt0364569,dj_bassett,
tt7286456,Xstal,9
tt7286456,TVpotatoCat,7
tt7286456,brianmlucas,9
tt7286456,Aman_Goyal,10
tt7286456,Come-and-Review,10
tt7286456,mariamelkott,10
tt7286456,VallejoDiego,10
tt7286456,MihaVrhunc,10
tt7286456,lesterarnoldpinto,10
tt7286456,ernestoherreraf,7
tt0081505,Sleepin_Dragon,10
tt0081505,Smells_Like_Cheese,10
tt0081505,b_kite,10
tt0081505,bob the moo,
tt0081505,chaos-rampant,
tt0081505,neil-476,5
tt0081505,Anonymous_Maxine,10
tt0081505,Fella_shibby,9
tt0081505,hanniballe11752,
tt0081505,elliotjeory,6
tt1853728,Sleepin_Dragon,10
tt1853728,shawnmikedryer,10
tt1853728,filipemanuelneto,8
tt1853728,postolachivalentin,10
tt1853728,Xstal,8
tt1853728,alexcole10,10
tt1853728,SnoopyStyle,9
tt1853728,pedroborges-90881,8
tt1853728,DonFishies,8
tt1853728,nadavsaar,10
tt0078788,bob the moo,
tt0078788,notoriousCASK,10
tt0078788,Theo Robertson,10
tt0078788,mark.waltz,10
tt0078788,Hitchcoc,9
tt0078788,Nazi_Fighter_David,9
tt0078788,surfisfun,10
tt0078788,jokeco68,10
tt0078788,Quinoa1984,10
tt0078788,Vartiainen,7
tt0209144,Leofwine_draca,9
tt0209144,Hitchcoc,9
tt0209144,nateahoey,10
tt0209144,Old Joe,10
tt0209144,quixoboy,
tt0209144,ruffinelli_ro,9
tt0209144,wkbeason,10
tt0209144,ltlrags,10
tt0209144,dunmore_ego,
tt0209144,adamp-6,10
tt1345836,Geeky Randy,9
tt1345836,MrHeraclius,
tt1345836,Maniac-9,10
tt1345836,Morejambo54,10
tt1345836,CaptKeshav,9
tt1345836,darkslash7,10
tt1345836,TheLittleSongbird,9
tt1345836,Christopher_Reid,10
tt1345836,Loving_Silence,10
tt1345836,DICK STEEL,10
tt0090605,Sleepin_Dragon,10
tt0090605,ivo-cobra8,10
tt0090605,BrandtSponseller,10
tt0090605,Fella_shibby,8
tt0090605,baumer,10
tt0090605,Derek237,10
tt0090605,IMDbKeepsDeletingMyReviews,9
tt0090605,mark.waltz,10
tt0090605,carflo,10
tt0090605,Leofwine_draca,10
tt5311514,A_Different_Drummer,10
tt5311514,TheLittleSongbird,10
tt5311514,johnnybianchino,10
tt5311514,SpoilerAlertReviews,10
tt5311514,Xstal,8
tt5311514,planktonrules,9
tt5311514,malcydon,10
tt5311514,Tweekums,10
tt5311514,itsnemra,10
tt5311514,yuschaa,9
tt0112573,MrHeraclius,
tt0112573,heisenberg12,10
tt0112573,Xstal,8
tt0112573,brentcollyer,10
tt0112573,Smells_Like_Cheese,10
tt0112573,damianphelps,10
tt0112573,ccthemovieman-1,9
tt0112573,EVON1TY,10
tt0112573,riddler_1138-3,
tt0112573,classicsoncall,10
tt0091251,FilmFlaneur,10
tt0091251,Asa_Nisi_Masa2,10
tt0091251,HumanoidOfFlesh,10
tt0091251,clanciai,10
tt0091251,lee_eisenberg,10
tt0091251,bnm81510,9
tt0091251,JAM-31,
tt0091251,paulmartin177,10
tt0091251,MacAindrais,10
tt0091251,Galina_movie_fan,10
tt8267604,MrHeraclius,
tt8267604,planktonrules,8
tt8267604,thesar-2,9
tt8267604,Zi_Reviews_Movies,10
tt8267604,kosmasp,8
tt8267604,andrewestrella,
tt8267604,bugsmoran29,10
tt8267604,lee_eisenberg,10
tt8267604,HadeelKouta,10
tt8267604,classicsoncall,8
tt2380307,neil-476,10
tt2380307,planktonrules,10
tt2380307,jon-stokes21-539-17875,10
tt2380307,h-42927-48851,10
tt2380307,pramsalim,10
tt2380307,fjhuerta-2,10
tt2380307,Jared_Andrews,8
tt2380307,Vuraxis,9
tt2380307,namashi_1,9
tt2380307,Charliedog2015,10
tt0910970,ametaphysicalshark,
tt0910970,Smells_Like_Cheese,10
tt0910970,MrHeraclius,
tt0910970,Chrysanthepop,
tt0910970,TheLittleSongbird,9
tt0910970,seaview1,9
tt0910970,buiredintime,10
tt0910970,claudio_carvalho,10
tt0910970,DrWetter,10
tt0910970,Sethtro,10
tt0086879,Smells_Like_Cheese,10
tt0086879,possumopossum,9
tt0086879,miknnik,10
tt0086879,TheLittleSongbird,10
tt0086879,AlsExGal,9
tt0086879,tfrizzell,
tt0086879,JamesHitchcock,10
tt0086879,OriginalMovieBuff21,10
tt0086879,ironhorse_iv,9
tt0086879,dr_foreman,10
tt0405094,wisewebwoman,10
tt0405094,Horst_In_Translation,10
tt0405094,JohnDeSando,
tt0405094,Red-125,10
tt0405094,Hprog,10
tt0405094,hareck,10
tt0405094,blanche-2,10
tt0405094,grantss,10
tt0405094,johno-21,10
tt0405094,bkrauser-81-311064,10
tt0057012,elvircorhodzic,10
tt0057012,gogoschka-1,10
tt0057012,Boba_Fett1138,10
tt0057012,TBJCSKCNRRQTreviews,10
tt0057012,Sickfrog,10
tt0057012,bob the moo,
tt0057012,TheLittleSongbird,9
tt0057012,planktonrules,10
tt0057012,Quinoa1984,10
tt0057012,francozeff,10
tt0043014,preppy-3,10
tt0043014,bat-5,
tt0043014,drednm,
tt0043014,FilmOtaku,9
tt0043014,Don-102,10
tt0043014,Petey-10,
tt0043014,AlsExGal,10
tt0043014,jotix100,10
tt0043014,Sleepin_Dragon,10
tt0043014,Nazi_Fighter_David,9
tt0082096,planktonrules,10
tt0082096,jaywolfenstien,
tt0082096,claudio_carvalho,10
tt0082096,Essex_Rider,10
tt0082096,secondtake,8
tt0082096,classicsoncall,10
tt0082096,Theo Robertson,9
tt0082096,susy-7,10
tt0082096,SnoopyStyle,9
tt0082096,Mike_Wiggins,10
tt1187043,planktonrules,10
tt1187043,donutpizza,9
tt1187043,Fella_shibby,10
tt1187043,pawanpunjabithewriter,10
tt1187043,Xstal,9
tt1187043,jack_o_hasanov_imdb,9
tt1187043,StevePulaski,10
tt1187043,ShaukathX,10
tt1187043,deloudelouvain,7
tt1187043,naman-avastol,9
tt0051201,bkoganbing,9
tt0051201,planktonrules,10
tt0051201,ccthemovieman-1,9
tt0051201,The_Void,8
tt0051201,Hitchcoc,9
tt0051201,Coventry,9
tt0051201,AlsExGal,10
tt0051201,littlemartinarocena,10
tt0051201,flickershows,8
tt0051201,michelerealini,
tt0050825,bkoganbing,10
tt0050825,Steffi_P,9
tt0050825,Hermit C-2,10
tt0050825,TheLittleSongbird,10
tt0050825,WriterDave,9
tt0050825,claudio_carvalho,10
tt0050825,gbheron,10
tt0050825,ma-cortes,8
tt0050825,planktonrules,10
tt0050825,Xstal,8
tt0032553,lugonian,9
tt0032553,ma-cortes,8
tt0032553,Steffi_P,9
tt0032553,Xstal,9
tt0032553,areatw,10
tt0032553,Nazi_Fighter_David,8
tt0032553,slokes,7
tt0032553,muzikla,10
tt0032553,tedg,
tt0032553,Kakueke,10
tt0057565,Quinoa1984,10
tt0057565,jemmytee,10
tt0057565,kmscb-1,10
tt0057565,reelreviewsandrecommendations,9
tt0057565,Sleepin_Dragon,10
tt0057565,classicsoncall,8
tt0057565,dorlago,10
tt0057565,planktonrules,9
tt0057565,Craig-32,
tt0057565,theorbys,10
tt6791350,poseyfan,9
tt6791350,jace_the_film_guy,9
tt6791350,ta-98251,8
tt6791350,gcsman,9
tt6791350,AfricanBro,8
tt6791350,josephbannister,10
tt6791350,Mysterygeneration,9
tt6791350,breneff,9
tt6791350,georgewhittingham1,9
tt6791350,cardsrock,9
tt0113277,kevin_robbins,10
tt0113277,planktonrules,9
tt0113277,ccthemovieman-1,10
tt0113277,TheLittleSongbird,10
tt0113277,concrndone,10
tt0113277,lareval,10
tt0113277,ivo-cobra8,10
tt0113277,juniorbarra-58647,10
tt0113277,bkoganbing,9
tt0113277,aboriginee,10
tt1745960,Top_Dawg_Critic,10
tt1745960,scottedwards-87359,10
tt1745960,GusherPop,10
tt1745960,dtucker86,10
tt1745960,lovefalloutkindagamer,10
tt1745960,alexglimbergwindh,10
tt1745960,r96sk,9
tt1745960,DarkVulcan29,10
tt1745960,cruise01,10
tt1745960,DVR_Brale,10
tt0119217,Stephen-12,10
tt0119217,TheLittleSongbird,10
tt0119217,rondine,10
tt0119217,bkoganbing,10
tt0119217,Pjtaylor-96-138044,8
tt0119217,RonellSowes,8
tt0119217,RedRoadster,9
tt0119217,Bored_Dragon,9
tt0119217,Eight Two,
tt0119217,harry-76,8
tt0361748,tkarlmann,10
tt0361748,SnoopyStyle,8
tt0361748,Leofwine_draca,10
tt0361748,laurabethc1,10
tt0361748,ablewuzi,10
tt0361748,Xstal,9
tt0361748,paulmuehlendahl,10
tt0361748,skrstenansky,7
tt0361748,bkoganbing,8
tt0361748,Theo Robertson,4
tt0180093,hwm-05554,9
tt0180093,planktonrules,10
tt0180093,bob the moo,
tt0180093,devinbrown-19091,10
tt0180093,Danfish,10
tt0180093,Rusty-61,
tt0180093,Brian Scott Mednick,9
tt0180093,Horst_In_Translation,8
tt0180093,mikerudakov,9
tt0180093,dropthehammer2000,
tt0086250,Leofwine_draca,10
tt0086250,Aditya_Gokhale,10
tt0086250,akpiggott,9
tt0086250,TruPretender,10
tt0086250,ankitbbd,9
tt0086250,MrHeraclius,
tt0086250,mermatt,
tt0086250,lambiepie-2,10
tt0086250,jhclues,8
tt0086250,murtaza_mma,9
tt0169547,the-evil-cult,10
tt0169547,RueMorgue,10
tt0169547,Smells_Like_Cheese,10
tt0169547,Antithesys,10
tt0169547,Rusty-61,
tt0169547,SD-4,10
tt0169547,ryan_lynch,10
tt0169547,Philip_Pugh,10
tt0169547,uhmartinez-phd,10
tt0169547,The Woof,10
tt0338013,MovieAddict2016,10
tt0338013,tccandler,10
tt0338013,Quinoa1984,10
tt0338013,TheLittleSongbird,10
tt0338013,Superunknovvn,10
tt0338013,mstomaso,10
tt0338013,Matt_Layden,10
tt0338013,JAKastner,9
tt0338013,SnoopyStyle,9
tt0338013,aalborgen-21673,9
tt0086190,jack_o_hasanov_imdb,8
tt0086190,UniqueParticle,10
tt0086190,evanston_dad,10
tt0086190,bevo-13678,10
tt0086190,ccthemovieman-1,9
tt0086190,kevin_robbins,10
tt0086190,P97,10
tt0086190,ivo-cobra8,8
tt0086190,TxMike,
tt0086190,AlsExGal,7
tt0062622,simon_booth,10
tt0062622,Wesley-Wang,10
tt0062622,Doylenf,
tt0062622,CinemaClown,
tt0062622,suws1,7
tt0062622,briancham1994,6
tt0062622,Manthorpe,10
tt0062622,Lechuguilla,10
tt0062622,drn5,10
tt0062622,Don-102,10
tt0066921,Agent10,10
tt0066921,Hitchcoc,9
tt0066921,MovieAddict2016,10
tt0066921,davidmvining,8
tt0066921,nycritic,10
tt0066921,sol-,10
tt0066921,Ch4ndler_B1ng,10
tt0066921,tyson-hunsaker,8
tt0066921,kevin_robbins,10
tt0066921,FZ-FX,9
tt0093058,Lechuguilla,10
tt0093058,planktonrules,9
tt0093058,ivo-cobra8,10
tt0093058,AaronCapenBanner,7
tt0093058,tr91,6
tt0093058,Peach-2,10
tt0093058,Aidan McGuinness,
tt0093058,brujay-1,8
tt0093058,heisenberg12,8
tt0093058,tedg,
tt0087843,A_Different_Drummer,10
tt0087843,bob the moo,
tt0087843,philip_vanderveken,10
tt0087843,w-71474,10
tt0087843,Quinoa1984,10
tt0087843,MovieAddict2016,10
tt0087843,DrLenera,
tt0087843,zeki-4,9
tt0087843,darth_sidious,
tt0087843,tfrizzell,
tt1255953,paulclaassen,8
tt1255953,eddie_baggins,10
tt1255953,alexart-1,9
tt1255953,Red-125,10
tt1255953,corrosion-2,10
tt1255953,ilpintl,9
tt1255953,Xstal,10
tt1255953,DICK STEEL,10
tt1255953,mmyilmazyurt,9
tt1255953,classicsoncall,10
tt2106476,Hitchcoc,8
tt2106476,FlashCallahan,10
tt2106476,planktonrules,9
tt2106476,TheSquiss,10
tt2106476,larry-411,10
tt2106476,JohnDeSando,
tt2106476,classicsoncall,9
tt2106476,Quinoa1984,10
tt2106476,aequus314,10
tt2106476,kosmasp,9
tt0114709,bob the moo,
tt0114709,ccthemovieman-1,10
tt0114709,philip_vanderveken,9
tt0114709,MovieAddict2016,10
tt0114709,Quinoa1984,10
tt0114709,tieman64,
tt0114709,dunmore_ego,9
tt0114709,Instant_Palmer,10
tt0114709,Anonymous_Maxine,10
tt0114709,Hitchcoc,10
tt0105236,hitchcockthelegend,9
tt0105236,Anonymous_Maxine,10
tt0105236,Xstal,7
tt0105236,bob the moo,
tt0105236,TBJCSKCNRRQTreviews,8
tt0105236,ElMaruecan82,10
tt0105236,planktonrules,9
tt0105236,Infofreak,
tt0105236,ronnay_barkay,10
tt0105236,jeleach,
tt8503618,ferguson-6,9
tt8503618,rebekahrox,8
tt8503618,guapo_andres,10
tt8503618,TheLittleSongbird,10
tt8503618,Gordon-11,
tt8503618,henry8-3,9
tt8503618,blanche-2,10
tt8503618,Thanos_Alfie,8
tt8503618,cricketbat,9
tt8503618,southdavid,8
tt1049413,SnoopyStyle,9
tt1049413,MrHeraclius,
tt1049413,TheLittleSongbird,10
tt1049413,DonFishies,10
tt1049413,bevo-13678,10
tt1049413,ferguson-6,9
tt1049413,ccthemovieman-1,9
tt1049413,Smells_Like_Cheese,10
tt1049413,ironhorse_iv,8
tt1049413,Erik_Stone,10
tt0211915,Boyo-2,10
tt0211915,rbverhoef,9
tt0211915,wisewebwoman,10
tt0211915,alastair_m,10
tt0211915,mucronate,10
tt0211915,Kirpianuscus,
tt0211915,perica-43151,10
tt0211915,ztruk2001,10
tt0211915,Hitchcoc,10
tt0211915,emilio77,
tt0056592,Xstal,9
tt0056592,FilmOtaku,10
tt0056592,clydestuff,10
tt0056592,TBJCSKCNRRQTreviews,10
tt0056592,Don-102,9
tt0056592,bkoganbing,10
tt0056592,HenryHextonEsq,9
tt0056592,dweck,
tt0056592,Fella_shibby,10
tt0056592,Pjtaylor-96-138044,8
tt0119698,zetes,10
tt0119698,TanjBennett,10
tt0119698,TheLittleSongbird,10
tt0119698,JTurner82,10
tt0119698,misty6767,10
tt0119698,morphion2,10
tt0119698,Xstal,9
tt0119698,Rectangular_businessman,10
tt0119698,alvaradj,10
tt0119698,baumhenrik,10
tt0056172,tfrizzell,
tt0056172,evanston_dad,10
tt0056172,rupie,9
tt0056172,maureenmcqueen,10
tt0056172,tedg,
tt0056172,MidniteRambler,10
tt0056172,caseyt-48511,10
tt0056172,iain_connell,10
tt0056172,Instant_Palmer,10
tt0056172,TheLittleSongbird,10
tt0435761,dee.reid,10
tt0435761,claudio_carvalho,10
tt0435761,DICK STEEL,10
tt0435761,slokes,9
tt0435761,The_Fifth_Echo,10
tt0435761,diac228,10
tt0435761,ccthemovieman-1,10
tt0435761,MrHeraclius,
tt0435761,MovieAddict2016,10
tt0435761,Rectangular_businessman,9
tt0033467,Cowman,
tt0033467,TBJCSKCNRRQTreviews,10
tt0033467,The-Sarkologist,9
tt0033467,Cineanalyst,10
tt0033467,bkoganbing,10
tt0033467,WriterDave,8
tt0033467,ilpohirvonen,10
tt0033467,TheLittleSongbird,10
tt0033467,eagandersongil,10
tt0033467,Lechuguilla,6
tt0052357,Snow Leopard,
tt0052357,slabihoud,10
tt0052357,hitchcockthelegend,10
tt0052357,planktonrules,9
tt0052357,bkoganbing,9
tt0052357,lastliberal,9
tt0052357,AaronCapenBanner,9
tt0052357,rmax304823,8
tt0052357,JohnHowardReid,10
tt0052357,TxMike,
tt0053125,nycritic,10
tt0053125,bob the moo,
tt0053125,jotix100,10
tt0053125,TheLittleSongbird,9
tt0053125,Ben_Cheshire,8
tt0053125,Sleepin_Dragon,9
tt0053125,DrLenera,
tt0053125,Nazi_Fighter_David,8
tt0053125,JSanicki,
tt0053125,slokes,8
tt0045152,AlsExGal,10
tt0045152,BrandtSponseller,10
tt0045152,jotix100,10
tt0045152,preppy-3,10
tt0045152,Xstal,9
tt0045152,drednm,
tt0045152,Sober-Friend,9
tt0045152,ToldYaSo,9
tt0045152,TheLittleSongbird,10
tt0045152,hitchcockthelegend,10
tt0017136,claudio_carvalho,10
tt0017136,Anonymous_Maxine,10
tt0017136,Coventry,8
tt0017136,BaronBl00d,
tt0017136,PIST-OFF,9
tt0017136,The_Film_Cricket,
tt0017136,F Gwynplaine MacIntyre,10
tt0017136,Xstal,9
tt0017136,AlsExGal,10
tt0017136,ACitizenCalledKane,8
tt0070735,bkoganbing,10
tt0070735,slokes,9
tt0070735,Doylenf,9
tt0070735,JamesHitchcock,9
tt0070735,bob the moo,
tt0070735,planktonrules,10
tt0070735,AaronCapenBanner,7
tt0070735,petangi,
tt0070735,gelman@attglobal.net,10
tt0070735,Nazi_Fighter_David,9
tt0022100,AlsExGal,9
tt0022100,Quinoa1984,10
tt0022100,Nazi_Fighter_David,8
tt0022100,Movie-12,10
tt0022100,EThompsonUMD,10
tt0022100,alexkolokotronis,10
tt0022100,FilmOtaku,8
tt0022100,Xstal,9
tt0022100,TheNabOwnzz,8
tt0022100,jamesrupert2014,10
tt1832382,claudio_carvalho,10
tt1832382,krisrox,9
tt1832382,stensson,9
tt1832382,Radu_A,10
tt1832382,Ramascreen,10
tt1832382,ElMaruecan82,10
tt1832382,markgorman,9
tt1832382,mrbarooee,10
tt1832382,TheLittleSongbird,10
tt1832382,jsrees,10
tt0053604,bkoganbing,10
tt0053604,moonspinner55,10
tt0053604,davidals,10
tt0053604,bankofmarquis,10
tt0053604,KatMiss,10
tt0053604,gaityr,10
tt0053604,BandSAboutMovies,10
tt0053604,JohnHowardReid,10
tt0053604,ComedyFan2010,8
tt0053604,markdroulston,9
tt0055031,gbill-74877,9
tt0055031,littlemartinarocena,9
tt0055031,alexkolokotronis,10
tt0055031,lastliberal,8
tt0055031,Lechuguilla,10
tt0055031,campbell-russell-a,
tt0055031,TheLittleSongbird,10
tt0055031,bsmith5552,10
tt0055031,eddie_baggins,10
tt0055031,The_Fifth_Echo,10
tt0044741,OttoVonB,10
tt0044741,Quinoa1984,10
tt0044741,Hitchcoc,9
tt0044741,The_Void,8
tt0044741,lee_eisenberg,10
tt0044741,Serge_Zehnder,10
tt0044741,will_butler,10
tt0044741,TheLittleSongbird,10
tt0044741,grantss,10
tt0044741,planktonrules,9
tt0036775,Anonymous_Maxine,10
tt0036775,ccthemovieman-1,10
tt0036775,ma-cortes,8
tt0036775,jotix100,10
tt0036775,dougdoepke,
tt0036775,Spondonman,9
tt0036775,jmholmes-73727,10
tt0036775,planktonrules,9
tt0036775,gftbiloxi,8
tt0036775,purrlgurrl,10
tt0986264,Fella_shibby,10
tt0986264,drpakmanrains,10
tt0986264,planktonrules,10
tt0986264,ThomasDrufke,8
tt0986264,Xstal,8
tt0986264,die_Heuchler,8
tt0986264,TuFNuT,9
tt0986264,satyanshu_singh,9
tt0986264,danzs,9
tt0986264,kaustubh-2,10
tt0040522,tfrizzell,
tt0040522,ItalianGerry,
tt0040522,Quinoa1984,10
tt0040522,FilmOtaku,8
tt0040522,claudio_carvalho,10
tt0040522,Don-102,8
tt0040522,ametaphysicalshark,
tt0040522,caspian1978,9
tt0040522,harry-76,10
tt0040522,ACitizenCalledKane,10
tt5074352,classicsoncall,7
tt5074352,Xstal,9
tt5074352,Fella_shibby,10
tt5074352,MrHeraclius,
tt5074352,gskrocks,9
tt5074352,ridinbal,9
tt5074352,dineshprakash,10
tt5074352,umashankarpati1997,9
tt5074352,faisalfaves,10
tt5074352,lykansdonnie,10
tt0012349,Snow Leopard,
tt0012349,Xstal,9
tt0012349,ccthemovieman-1,9
tt0012349,Cineanalyst,9
tt0012349,J. Spurlin,
tt0012349,lugonian,10
tt0012349,bkoganbing,9
tt0012349,Quinoa1984,10
tt0012349,bobsgrock,8
tt0012349,khanbaliq2,10
tt10872600,Gordon-11,
tt10872600,gbill-74877,6
tt10872600,masonsaul,10
tt10872600,Neptune165,5
tt10872600,IPyaarCinema,4
tt10872600,BandSAboutMovies,10
tt10872600,jack_o_hasanov_imdb,9
tt10872600,andrewchristianjr,9
tt10872600,paul_haakonsen,6
tt10872600,blott2319-1,6
tt0993846,bob the moo,
tt0993846,nogodnomasters,9
tt0993846,peach007,9
tt0993846,karolin-99263,10
tt0993846,MrHeraclius,
tt0993846,kosmasp,9
tt0993846,BrentHankins,9
tt0993846,notoriousCASK,9
tt0993846,diegocoda,10
tt0993846,ClaytonDavis,9
tt0107290,Pjtaylor-96-138044,10
tt0107290,Smells_Like_Cheese,9
tt0107290,planktonrules,9
tt0107290,FrankBooth_DeLarge,10
tt0107290,Sleepin_Dragon,10
tt0107290,PedroPires90,10
tt0107290,josiahliljequist,10
tt0107290,TheLittleSongbird,9
tt0107290,mark.waltz,10
tt0107290,MichaelM24,
tt0075314,BA_Harrison,7
tt0075314,bob the moo,
tt0075314,Smells_Like_Cheese,10
tt0075314,andrew7,10
tt0075314,TheLittleSongbird,10
tt0075314,SnoopyStyle,9
tt0075314,lost-in-limbo,10
tt0075314,MamadNobari97,6
tt0075314,Leofwine_draca,10
tt0075314,PyroSikTh,7
tt1130884,classicsoncall,10
tt1130884,jackgdemoss,9
tt1130884,MrHeraclius,
tt1130884,ruhsa,10
tt1130884,napierslogs,9
tt1130884,NpMoviez,10
tt1130884,Tania_Chesala_R,8
tt1130884,planktonrules,9
tt1130884,dvc5159,8
tt1130884,TheDeadMayTasteBad,9
tt0477348,chaswe-28402,10
tt0477348,Hitchcoc,9
tt0477348,FLASHP01NT,8
tt0477348,Sonic_Ocean,10
tt0477348,Lechuguilla,9
tt0477348,Hey_Sweden,8
tt0477348,Robert_duder,7
tt0477348,Quinoa1984,10
tt0477348,motta80-2,10
tt0477348,DonFishies,8
tt8579674,TheLittleSongbird,10
tt8579674,boblipton,8
tt8579674,planktonrules,9
tt8579674,aivilovee,9
tt8579674,diegosays,10
tt8579674,allentyson-89230,10
tt8579674,eelen-seth,8
tt8579674,RforFilm,8
tt8579674,aarongnr,7
tt8579674,tgrafflin,10
tt10272386,TxMike,
tt10272386,classicsoncall,9
tt10272386,waltermwilliams,10
tt10272386,neil-476,9
tt10272386,MOscarbradley,10
tt10272386,deloudelouvain,8
tt10272386,Sleepin_Dragon,10
tt10272386,Xstal,9
tt10272386,Cineanalyst,8
tt10272386,grantss,9
tt0208092,FilmOtaku,9
tt0208092,Leofwine_draca,10
tt0208092,LivingDog,10
tt0208092,Shiva-11,8
tt0208092,sllovejoy,
tt0208092,ccthemovieman-1,9
tt0208092,SpudMons,10
tt0208092,marty_666,10
tt0208092,Keyser Soze-12,9
tt0208092,ratpac03,
tt0112641,Smells_Like_Cheese,10
tt0112641,planktonrules,9
tt0112641,Movie-ManDan,10
tt0112641,contronatura,10
tt0112641,Nazi_Fighter_David,8
tt0112641,FilmOtaku,8
tt0112641,The_Void,7
tt0112641,famsmith,10
tt0112641,ray-280,10
tt0112641,TheLittleSongbird,10
tt0268978,dfranzen70,9
tt0268978,Boyo-2,10
tt0268978,ccthemovieman-1,9
tt0268978,nycritic,9
tt0268978,shanfloyd,10
tt0268978,auuwws,8
tt0268978,hitchcockthelegend,8
tt0268978,The Mad Reviewer,10
tt0268978,TheLittleSongbird,7
tt0268978,jotix100,9
tt0084787,MovieAddict2016,10
tt0084787,ivo-cobra8,10
tt0084787,hitchcockthelegend,10
tt0084787,preppy-3,10
tt0084787,Gafke,10
tt0084787,Stibbert,9
tt0084787,Rainfox,
tt0084787,I_Ailurophile,10
tt0084787,PeachHamBeach,10
tt0084787,fullbug,10
tt0266697,EVON1TY,10
tt0266697,Xstal,9
tt0266697,gogoschka-1,10
tt0266697,dommercaldi,9
tt0266697,SafReviews,9
tt0266697,sjanders-86430,10
tt0266697,planktonrules,10
tt0266697,Rooster99,10
tt0266697,davispittman,8
tt0266697,emperorpasta,9
tt0097576,Xstal,9
tt0097576,ivo-cobra8,10
tt0097576,Smells_Like_Cheese,10
tt0097576,Li-1,
tt0097576,Mister-6,10
tt0097576,hitchcockthelegend,9
tt0097576,ReelCheese,10
tt0097576,jhaggardjr,10
tt0097576,MrHeraclius,
tt0097576,BigHardcoreRed,
tt0347149,surenm,10
tt0347149,mahmus,6
tt0347149,soanim8ed,10
tt0347149,kengoogloo,10
tt0347149,planktonrules,8
tt0347149,cornishogre-1,10
tt0347149,jessup-86446,6
tt0347149,WritelySo,10
tt0347149,SnoopyStyle,7
tt0347149,robertrutledge,6
tt0120382,bob the moo,
tt0120382,JamesHitchcock,10
tt0120382,skepticskeptical,9
tt0120382,planktonrules,9
tt0120382,MrPupkin,9
tt0120382,Altaira,10
tt0120382,zkonedog,10
tt0120382,Mark1988,10
tt0120382,daveisit,8
tt0120382,WriterDave,8
tt0372784,pyrocitor,10
tt0372784,tenten76,10
tt0372784,jaredpahl,8
tt0372784,Leofwine_draca,9
tt0372784,Sleepin_Dragon,10
tt0372784,motta80-2,10
tt0372784,KissEnglishPasto,10
tt0372784,Doylenf,10
tt0372784,marshall_web,10
tt0372784,TheLittleSongbird,9
tt0469494,Leofwine_draca,9
tt0469494,alexkolokotronis,10
tt0469494,murtaza_mma,10
tt0469494,breezey-120-833995,7
tt0469494,TheLittleSongbird,10
tt0469494,lee_eisenberg,9
tt0469494,LeonLouisRicci,8
tt0469494,ElMaruecan82,10
tt0469494,Smells_Like_Cheese,10
tt0469494,lamoreauxba,10
tt6966692,Hitchcoc,10
tt6966692,Sleepin_Dragon,10
tt6966692,MrHeraclius,
tt6966692,Instant_Palmer,9
tt6966692,taylor_king-890-815491,10
tt6966692,classicsoncall,9
tt6966692,Top_Dawg_Critic,8
tt6966692,BassLightyear,7
tt6966692,TheLittleSongbird,8
tt6966692,AlsExGal,7
tt0167404,ccthemovieman-1,9
tt0167404,rooprect,8
tt0167404,kylopod,10
tt0167404,planktonrules,10
tt0167404,Xophianic,9
tt0167404,indianajonze,10
tt0167404,SnoopyStyle,10
tt0167404,Steve Steckel,
tt0167404,Brogan,
tt0167404,NpMoviez,10
tt0266543,Coventry,8
tt0266543,kylopod,9
tt0266543,Buddy-51,
tt0266543,mjw2305,8
tt0266543,PizzicatoFishCrouch,10
tt0266543,Boba_Fett1138,9
tt0266543,MovieAddict2016,8
tt0266543,MAYESY-44,8
tt0266543,lhseaglerunner,9
tt0266543,nadger_09,
tt0095016,TheLittleSongbird,10
tt0095016,Leofwine_draca,10
tt0095016,ivo-cobra8,10
tt0095016,Robert_duder,10
tt0095016,Michael_Elliott,
tt0095016,PredragReviews,9
tt0095016,Mr-Fusion,10
tt0095016,dee.reid,10
tt0095016,classicsoncall,9
tt0095016,Screen_Blitz,9
tt0105695,hitchcockthelegend,10
tt0105695,Fella_shibby,10
tt0105695,jluis1984,10
tt0105695,cathyyoung1,9
tt0105695,Smells_Like_Cheese,8
tt0105695,bkoganbing,9
tt0105695,Leofwine_draca,9
tt0105695,erostew,10
tt0105695,TheLittleSongbird,10
tt0105695,Kaserynofthegyre,9
tt0434409,Bored_Dragon,8
tt0434409,benxrichardson,9
tt0434409,seige-hound,10
tt0434409,BrunoRatesTheMovies,7
tt0434409,beschuitfluiter,10
tt0434409,atzimo,10
tt0434409,planktonrules,9
tt0434409,MrHeraclius,
tt0434409,paxatron,
tt0434409,Xstal,9
tt0119488,tfrizzell,
tt0119488,hall895,8
tt0119488,TheLittleSongbird,10
tt0119488,flipgirl38,
tt0119488,bob the moo,
tt0119488,oneflewovertheapocalypse,
tt0119488,gavin6942,9
tt0119488,Theo Robertson,7
tt0119488,blanche-2,10
tt0119488,Leofwine_draca,10
tt0457430,Hitchcoc,10
tt0457430,j30bell,9
tt0457430,EVON1TY,10
tt0457430,mizhelenuk,10
tt0457430,Chris_Docker,10
tt0457430,Wesley-Wang,10
tt0457430,areatw,9
tt0457430,dante_leebo,9
tt0457430,A_Different_Drummer,10
tt0457430,dontslityourwrist_yet,10
tt0071315,ArtVandelayImporterExporter,9
tt0071315,bob the moo,
tt0071315,nycritic,10
tt0071315,rmax304823,10
tt0071315,Tweekums,10
tt0071315,Quinoa1984,10
tt0071315,stroggos,10
tt0071315,Instant_Palmer,10
tt0071315,TBJCSKCNRRQTreviews,10
tt0071315,Hitchcoc,10
tt0031381,jotix100,10
tt0031381,bkoganbing,10
tt0031381,planktonrules,10
tt0031381,Turanic,10
tt0031381,Xstal,9
tt0031381,murtaza_mma,10
tt0031381,PCC0921,9
tt0031381,IshtiaqAhmed,10
tt0031381,Leofwine_draca,9
tt0031381,TheLittleSongbird,10
tt0363163,claudio_carvalho,10
tt0363163,The_Void,8
tt0363163,Galina_movie_fan,9
tt0363163,jotix100,10
tt0363163,Coventry,10
tt0363163,wforstchen,10
tt0363163,ilovedolby,10
tt0363163,planktonrules,10
tt0363163,bs3dc,
tt0363163,nosiesnetnieuws,10
tt0071853,MaxBorg89,10
tt0071853,vladymirror,
tt0071853,Manthorpe,10
tt0071853,mjw2305,9
tt0071853,lambiepie-2,10
tt0071853,uckpshh,10
tt0071853,MovieAddict2016,10
tt0071853,thehappychuckler,9
tt0071853,ElMaruecan82,10
tt0071853,Infofreak,
tt0053291,ma-cortes,8
tt0053291,claudio_carvalho,10
tt0053291,ccthemovieman-1,10
tt0053291,EijnarAmadeus,9
tt0053291,Nazi_Fighter_David,8
tt0053291,mark.waltz,10
tt0053291,silva-w-pius,9
tt0053291,Tweekums,10
tt0053291,gbrumburgh,10
tt0053291,Sleepin_Dragon,10
tt0057115,bkoganbing,10
tt0057115,FABabe,
tt0057115,hitchcockthelegend,10
tt0057115,Nazi_Fighter_David,9
tt0057115,planktonrules,9
tt0057115,boblipton,10
tt0057115,ma-cortes,8
tt0057115,tedg,
tt0057115,KEVMC,9
tt0057115,brett-76260,9
tt0080678,ccthemovieman-1,9
tt0080678,Infofreak,
tt0080678,lee_eisenberg,10
tt0080678,TheLittleSongbird,10
tt0080678,george.schmidt,10
tt0080678,rainking_es,10
tt0080678,Cheetah-6,10
tt0080678,The_Void,8
tt0080678,coop-16,10
tt0080678,MarieGabrielle,10
tt1305806,Hitchcoc,10
tt1305806,billion_mucks,8
tt1305806,classicsoncall,10
tt1305806,claudio_carvalho,9
tt1305806,A_Different_Drummer,10
tt1305806,jpschapira,9
tt1305806,bicgus1,9
tt1305806,lee_eisenberg,9
tt1305806,casch0101,10
tt1305806,jotix100,8
tt0089881,Quinoa1984,10
tt0089881,Loving_Silence,10
tt0089881,smakawhat,9
tt0089881,boris-26,
tt0089881,zolaaar,10
tt0089881,murtaza_mma,10
tt0089881,rbverhoef,9
tt0089881,Anonymous_Maxine,10
tt0089881,Elendil87,10
tt0089881,Samiam3,7
tt0059578,SnoopyStyle,9
tt0059578,Quinoa1984,10
tt0059578,TheLittleSongbird,10
tt0059578,CinemaClown,
tt0059578,Infofreak,
tt0059578,ivo-cobra8,10
tt0059578,jluis1984,9
tt0059578,funkyfry,9
tt0059578,planktonrules,9
tt0059578,MovieAddict2016,8
tt0042192,claudio_carvalho,10
tt0042192,TheLittleSongbird,10
tt0042192,JohnHowardReid,10
tt0042192,Lechuguilla,9
tt0042192,Don-102,10
tt0042192,AlsExGal,10
tt0042192,SnoopyStyle,9
tt0042192,Sleepin_Dragon,10
tt0042192,marcosaguado,10
tt0042192,Bil-3,
tt0040897,AlsExGal,9
tt0040897,bkoganbing,10
tt0040897,Nazi_Fighter_David,8
tt0040897,jotix100,10
tt0040897,Hitchcoc,10
tt0040897,planktonrules,10
tt0040897,thinker1691,8
tt0040897,rmax304823,10
tt0040897,yenlo,9
tt0040897,ElMaruecan82,10
tt4729430,cricketbat,8
tt4729430,Joejoesan,9
tt4729430,andymhancock,10
tt4729430,CubsandCulture,10
tt4729430,morrison-dylan-fan,10
tt4729430,kaleem_091983,10
tt4729430,keikoyoshikawa,9
tt4729430,mmehedihopuu,10
tt4729430,tarapov-92-654064,8
tt4729430,edicionccq,10
tt0046912,Lejink,7
tt0046912,TheUnknown837-1,9
tt0046912,jluis1984,9
tt0046912,Spondonman,8
tt0046912,PizzicatoFishCrouch,9
tt0046912,Leofwine_draca,10
tt0046912,TheLittleSongbird,9
tt0046912,ElMaruecan82,10
tt0046912,AlsExGal,9
tt0046912,Chuck-149,9
tt0042876,MovieAddict2016,10
tt0042876,film-critic,8
tt0042876,Quinoa1984,10
tt0042876,ametaphysicalshark,
tt0042876,rogierr,
tt0042876,estebangonzalez10,5
tt0042876,Snow Leopard,
tt0042876,mungo39,9
tt0042876,Leofwine_draca,8
tt0042876,classicsoncall,8
tt0046438,EUyeshima,10
tt0046438,Galina_movie_fan,9
tt0046438,851222,10
tt0046438,GyatsoLa,10
tt0046438,howard.schumann,
tt0046438,TheLittleSongbird,10
tt0046438,KFL,9
tt0046438,Hitchcoc,10
tt0046438,Cheesedemon28,10
tt0046438,Stroheim-3,10
tt0055630,Quinoa1984,10
tt0055630,Peach-2,10
tt0055630,Ben_Cheshire,9
tt0055630,Infofreak,
tt0055630,funkyfry,10
tt0055630,elvircorhodzic,9
tt0055630,murtaza_mma,9
tt0055630,Tigereyes,
tt0055630,InzyWimzy,10
tt0055630,faraaj-1,10
tt0015324,Snow Leopard,
tt0015324,imogensara_smith,9
tt0015324,Xstal,8
tt0015324,didi-5,9
tt0015324,up2u,10
tt0015324,Polaris_DiB,10
tt0015324,Bobbyh-2,
tt0015324,Damfino1895,10
tt0015324,AlsExGal,10
tt0015324,tedg,
tt0118849,Buddy-51,
tt0118849,Gordon-11,
tt0118849,KissEnglishPasto,10
tt0118849,ruby_fff,10
tt0118849,Peter_Young,9
tt0118849,ollie501,10
tt0118849,blue-7,10
tt0118849,g-bodyl,8
tt0118849,Drewboy-2,10
tt0118849,DICK STEEL,10
tt0046268,dfranzen70,8
tt0046268,Galina_movie_fan,9
tt0046268,grantss,9
tt0046268,Infofreak,
tt0046268,planktonrules,9
tt0046268,classicsoncall,7
tt0046268,DennisLittrell,10
tt0046268,howard.schumann,
tt0046268,Vartiainen,7
tt0046268,lasttimeisaw,9
tt0048473,zetes,10
tt0048473,ItalianGerry,
tt0048473,harry-76,10
tt0048473,Xstal,9
tt0048473,Himadri,10
tt0048473,Sinnerman,
tt0048473,Camoo,10
tt0048473,MrsRainbow,
tt0048473,ballweg,10
tt0048473,infoseeker531,9
tt0035446,TheLittleSongbird,10
tt0035446,gogoschka-1,10
tt0035446,littlemartinarocena,10
tt0035446,ElMaruecan82,8
tt0035446,FrenchEddieFelson,9
tt0035446,alansabljakovic-39044,8
tt0035446,howard.schumann,9
tt0035446,bob the moo,
tt0035446,Balthazar-5,10
tt0035446,classicsoncall,7
tt0019254,Quinoa1984,10
tt0019254,nycritic,10
tt0019254,ccthemovieman-1,8
tt0019254,Xstal,10
tt0019254,GulyJimson,10
tt0019254,pooch-8,
tt0019254,evanston_dad,9
tt0019254,looneyfarm,10
tt0019254,judokid,10
tt0019254,zeph-3,10
tt0476735,classicsoncall,8
tt0476735,denpolites,10
tt0476735,ydurgut,8
tt0476735,matrixus-1,10
tt0476735,ethernaldreams,10
tt0476735,scanan,10
tt0476735,curreir,10
tt0476735,aswins,10
tt0476735,snoopx,10
tt0476735,melis-5,
tt10366206,FeastMode,9
tt10366206,neil-476,5
tt10366206,markvanwasbeek,9
tt10366206,BA_Harrison,4
tt10366206,lovemichaeljordan,8
tt10366206,namob-43673,3
tt10366206,skyhawk747,4
tt10366206,cadillac20,10
tt10366206,tresm87,9
tt10366206,antti-eskelinen-329-929792,4
tt1392214,planktonrules,10
tt1392214,kosmasp,10
tt1392214,Hitchcoc,9
tt1392214,Michael_Elliott,
tt1392214,classicsoncall,9
tt1392214,YJLcool,8
tt1392214,ClaytonDavis,8
tt1392214,Potty-Man,10
tt1392214,Diablo1616,8
tt1392214,gregsrants,8
tt1454029,ferguson-6,7
tt1454029,taylor_king-890-815491,
tt1454029,JohnDeSando,
tt1454029,JamesHitchcock,8
tt1454029,joshfedderson,10
tt1454029,planktonrules,8
tt1454029,jwfuller,
tt1454029,muyoyeta,10
tt1454029,littlemartinarocena,7
tt1454029,DICK STEEL,10
tt2278388,TheLittleSongbird,9
tt2278388,planktonrules,8
tt2278388,rubenm,8
tt2278388,lastliberal-853-253708,8
tt2278388,corrosion-2,
tt2278388,bob-the-movie-man,8
tt2278388,jan_kalina,10
tt2278388,runamokprods,9
tt2278388,edgereviews,9
tt2278388,rogerdarlington,
tt1392190,Leofwine_draca,10
tt1392190,Hitchcoc,5
tt1392190,ivo-cobra8,10
tt1392190,Uriah43,5
tt1392190,planktonrules,8
tt1392190,cutesd,7
tt1392190,CalRhys,
tt1392190,stephendaxter,10
tt1392190,claudio_carvalho,5
tt1392190,confrank,10
tt1950186,Kirpianuscus,
tt1950186,zkonedog,9
tt1950186,SnoopyStyle,8
tt1950186,Instant_Palmer,10
tt1950186,kjproulx,9
tt1950186,classicsoncall,8
tt1950186,g_cotterell,10
tt1950186,ymyuseda,10
tt1950186,Keemshave,9
tt1950186,claudio_carvalho,8
tt0092005,Smells_Like_Cheese,10
tt0092005,Anonymous_Maxine,10
tt0092005,Xstal,8
tt0092005,baumer,10
tt0092005,TheLittleSongbird,10
tt0092005,Peach-2,10
tt0092005,rbverhoef,9
tt0092005,*Sky*,
tt0092005,estebangonzalez10,9
tt0092005,yummyballerina,10
tt0325980,classicsoncall,9
tt0325980,mark.waltz,9
tt0325980,MrHeraclius,
tt0325980,MaxBorg89,9
tt0325980,TheLittleSongbird,10
tt0325980,claudio_carvalho,10
tt0325980,Brad2002,8
tt0325980,theforceofsu,10
tt0325980,Igenlode Wordsmith,8
tt0325980,kosmasp,10
tt2267998,cricketbat,8
tt2267998,cmalpelli,9
tt2267998,manisimmati,10
tt2267998,bgar-80932,8
tt2267998,bowmanblue,8
tt2267998,claudio_carvalho,6
tt2267998,Mr-Fusion,5
tt2267998,LiamCullen6,10
tt2267998,zkonedog,7
tt2267998,avik-basu1889,9
tt2119532,MrHeraclius,
tt2119532,Leofwine_draca,10
tt2119532,littlemartinarocena,9
tt2119532,DukeEman,8
tt2119532,bartonj2410,10
tt2119532,classicsoncall,10
tt2119532,CineMuseFilms,8
tt2119532,CalRhys,
tt2119532,conan-2,9
tt2119532,trublu215,9
tt0070047,jaywolfenstien,
tt0070047,Smells_Like_Cheese,10
tt0070047,clydestuff,10
tt0070047,knersisman,8
tt0070047,agro_sydney,10
tt0070047,TheLittleSongbird,10
tt0070047,NpMoviez,10
tt0070047,ma-cortes,8
tt0070047,Collins,10
tt0070047,jadavix,10
tt0083658,gogoschka-1,
tt0083658,Flagrant-Baronessa,10
tt0083658,Nazi_Fighter_David,8
tt0083658,imuckenschnabl,10
tt0083658,snoozejonc,10
tt0083658,Ivan-28,9
tt0083658,SantiagoDM1,10
tt0083658,ccthemovieman-1,9
tt0083658,jaywolfenstien,
tt0083658,fryguy-88668,6
tt0088247,Smells_Like_Cheese,10
tt0088247,MovieAddict2016,10
tt0088247,baumer,10
tt0088247,ivo-cobra8,10
tt0088247,axlrhodes,10
tt0088247,Old Joe,
tt0088247,SmileysWorld,9
tt0088247,SnoopyStyle,10
tt0088247,Nazi_Fighter_David,9
tt0088247,Movie Nuttball,10
tt0073195,zkonedog,10
tt0073195,gogoschka-1,10
tt0073195,planktonrules,9
tt0073195,hitchcockthelegend,10
tt0073195,fairlesssam,9
tt0073195,Smells_Like_Cheese,10
tt0073195,Michael_Elliott,
tt0073195,Idiot-Deluxe,10
tt0073195,EmmeCHammer,10
tt0073195,Tweekums,10
tt0264464,jotix100,10
tt0264464,rbverhoef,9
tt0264464,J. Spurlin,
tt0264464,rosscinema,7
tt0264464,mjw2305,8
tt0264464,vchimpanzee,
tt0264464,TheLittleSongbird,9
tt0264464,bob the moo,
tt0264464,george.schmidt,
tt0264464,Xstal,7
tt0118715,gogoschka-1,
tt0118715,OttoVonB,10
tt0118715,Infofreak,
tt0118715,butterfinger,
tt0118715,trashgang,8
tt0118715,Amyth47,9
tt0118715,Coxer99,10
tt0118715,planktonrules,9
tt0118715,Galina_movie_fan,10
tt0118715,innocuous,4
tt0117951,Hitchcoc,9
tt0117951,Prismark10,8
tt0117951,bob the moo,
tt0117951,ametaphysicalshark,
tt0117951,gogoschka-1,10
tt0117951,RobertF87,
tt0117951,MichaelMargetis,10
tt0117951,gcd70,7
tt0117951,Barky44,8
tt0117951,Sergeant_Tibbs,9
tt0032138,Snow Leopard,
tt0032138,hitchcockthelegend,10
tt0032138,AlsExGal,10
tt0032138,TheLittleSongbird,10
tt0032138,Sleepin_Dragon,10
tt0032138,utgard14,10
tt0032138,The_Film_Cricket,
tt0032138,nycritic,10
tt0032138,anaconda-40658,10
tt0032138,Rainey-Dawn,10
tt0382932,cinephile-27690,10
tt0382932,planktonrules,10
tt0382932,Hitchcoc,10
tt0382932,Xstal,9
tt0382932,PoisonKeyblade,10
tt0382932,willden21,10
tt0382932,Quinoa1984,10
tt0382932,stalcup,10
tt0382932,ashowen,10
tt0382932,DICK STEEL,10
tt0097165,fjhuerta-2,10
tt0097165,CMTiago,9
tt0097165,fred-kolb,10
tt0097165,roghache,10
tt0097165,Sethtro,9
tt0097165,ijtfalcon,10
tt0097165,pompaj,
tt0097165,ssssgelojun,9
tt0097165,blissfulmitch,10
tt0097165,connie-baldini-427-561037,10
tt4016934,bob the moo,
tt4016934,ctowyi,10
tt4016934,tenshi_ippikiookami,10
tt4016934,claudio_carvalho,8
tt4016934,Quinoa1984,8
tt4016934,MrHeraclius,
tt4016934,sossevarvo,10
tt4016934,videorama-759-859391,8
tt4016934,wcoleparks,9
tt4016934,lee_eisenberg,10
tt1201607,TheLittleSongbird,9
tt1201607,nogodnomasters,10
tt1201607,Pjtaylor-96-138044,8
tt1201607,SnoopyStyle,7
tt1201607,vila-ddt,
tt1201607,ironhorse_iv,8
tt1201607,hjpog,10
tt1201607,Loving_Silence,10
tt1201607,akash_sebastian,7
tt1201607,theycallmemrglass,9
tt0061512,Michael_Elliott,
tt0061512,gogoschka-1,10
tt0061512,ferguson-6,9
tt0061512,Leofwine_draca,9
tt0061512,clydestuff,10
tt0061512,tieman64,
tt0061512,Nazi_Fighter_David,9
tt0061512,rupie,8
tt0061512,XRANDY,
tt0061512,ccthemovieman-1,8
tt2096673,pickle-92642,9
tt2096673,Phil_Chester,
tt2096673,Animany94,10
tt2096673,TheLittleSongbird,10
tt2096673,matthewssilverhammer,10
tt2096673,Sweetigal85,10
tt2096673,Reckno64,10
tt2096673,Michael_Elliott,
tt2096673,Giacomo_De_Bello,9
tt2096673,planktonrules,9
tt3315342,artgutierrez,10
tt3315342,Tweekums,9
tt3315342,MrHeraclius,
tt3315342,vithiet,9
tt3315342,mbhgkmsgg,9
tt3315342,TheJediWay9,10
tt3315342,trublu215,10
tt3315342,shawneofthedead,9
tt3315342,hitchcockthelegend,10
tt3315342,ahmetkozan,9
tt0075148,classicsoncall,10
tt0075148,BA_Harrison,10
tt0075148,utgard14,10
tt0075148,MovieAddict2016,10
tt0075148,ivo-cobra8,10
tt0075148,zkonedog,10
tt0075148,JFHunt,10
tt0075148,BandSAboutMovies,10
tt0075148,rbverhoef,9
tt0075148,marcin_kukuczka,10
tt0758758,ccthemovieman-1,10
tt0758758,jaredmobarak,9
tt0758758,komic09,8
tt0758758,shark-43,10
tt0758758,classicsoncall,7
tt0758758,Ricky_Roma__,
tt0758758,gbill-74877,9
tt0758758,mstomaso,8
tt0758758,trigger_jam,10
tt0758758,tieman64,
tt0116282,rmax304823,10
tt0116282,ccthemovieman-1,10
tt0116282,kevin_robbins,10
tt0116282,tfrizzell,
tt0116282,blanche-2,10
tt0116282,AlsExGal,9
tt0116282,paul2001sw-1,7
tt0116282,Stibbert,8
tt0116282,Leofwine_draca,10
tt0116282,aharmon,
tt5027774,PedroPires90,9
tt5027774,blanche-2,8
tt5027774,tyson-hunsaker,9
tt5027774,Semisonic,9
tt5027774,TheLittleSongbird,8
tt5027774,ronakkotian,10
tt5027774,rubenm,9
tt5027774,FallonTimberlake2016,10
tt5027774,chicagopoetry,7
tt5027774,GODZILLA_Alpha_Predator,9
tt1895587,planktonrules,10
tt1895587,TheLittleSongbird,10
tt1895587,bob the moo,
tt1895587,0w0,9
tt1895587,A_Different_Drummer,10
tt1895587,miriam-seraia,10
tt1895587,boatsfra,10
tt1895587,Instant_Palmer,10
tt1895587,Mr-Fusion,9
tt1895587,classicalsteve,10
tt3170832,Ed-Shullivan,10
tt3170832,MrHeraclius,
tt3170832,Red-125,10
tt3170832,howard.schumann,9
tt3170832,namashi_1,9
tt3170832,TheLittleSongbird,9
tt3170832,bob-the-movie-man,9
tt3170832,joey-ziemniak,
tt3170832,ryan-bfd,10
tt3170832,claudio_carvalho,8
tt0120735,doktor d,
tt0120735,gavin6942,10
tt0120735,Quag7,10
tt0120735,SKG-2,9
tt0120735,brando647,8
tt0120735,CriticNick,10
tt0120735,jedidp,10
tt0120735,Chrysanthepop,
tt0120735,poolandrews,9
tt0120735,smarty-13,
tt0198781,vchimpanzee,
tt0198781,MovieAddict2016,10
tt0198781,Boba_Fett1138,10
tt0198781,JohnDeSando,
tt0198781,ccthemovieman-1,9
tt0198781,george.schmidt,
tt0198781,TxMike,
tt0198781,Spleen,10
tt0198781,theinaniloquent,10
tt0198781,jamesrupert2014,9
tt0059742,jacobs-greenwood,10
tt0059742,davispittman,10
tt0059742,brett-76260,10
tt0059742,Smells_Like_Cheese,10
tt0059742,duffjerroldorg,10
tt0059742,Poseidon-3,
tt0059742,tfrizzell,
tt0059742,TheLittleSongbird,10
tt0059742,happipuppi13,10
tt0059742,littlemanzone,10
tt0353969,tieman64,
tt0353969,WriterDave,9
tt0353969,AKS-6,9
tt0353969,dbborroughs,8
tt0353969,jadavix,8
tt0353969,Fella_shibby,10
tt0353969,ferguson-6,8
tt0353969,jack_o_hasanov_imdb,8
tt0353969,tapio_hietamaki,10
tt0353969,classicsoncall,8
tt1205489,ametaphysicalshark,
tt1205489,Smells_Like_Cheese,9
tt1205489,Kevin-42,
tt1205489,woljm45,10
tt1205489,dk777,9
tt1205489,Len9876,10
tt1205489,TheLittleSongbird,9
tt1205489,Simon_Says_Movies,9
tt1205489,come2whereimfrom,8
tt1205489,Leofwine_draca,9
tt0892769,DICK STEEL,10
tt0892769,The_Fifth_Echo,10
tt0892769,Simon_Says_Movies,9
tt0892769,tollini,10
tt0892769,AlsExGal,9
tt0892769,TheLittleSongbird,10
tt0892769,gogoschka-1,10
tt0892769,me_sterya,10
tt0892769,zeletto,10
tt0892769,claudio_carvalho,9
tt0091763,SnoopyStyle,9
tt0091763,ivo-cobra8,10
tt0091763,bob the moo,
tt0091763,Theo Robertson,9
tt0091763,gigan-92,10
tt0091763,tomgillespie2002,9
tt0091763,planktonrules,10
tt0091763,ASuiGeneris,8
tt0091763,Agent10,8
tt0091763,asifahsankhan,8
tt0077416,yawn-2,10
tt0077416,MovieAddict2016,10
tt0077416,abelardo64,10
tt0077416,gab-14712,9
tt0077416,richardratliff,10
tt0077416,ldadvantageinc,10
tt0077416,bkoganbing,9
tt0077416,tfrizzell,
tt0077416,ofumalow,6
tt0077416,movieguy1021,10
tt0112471,claudio_carvalho,10
tt0112471,The_Void,9
tt0112471,SnoopyStyle,8
tt0112471,Sickfrog,10
tt0112471,Look Closer,
tt0112471,zetes,10
tt0112471,Superunknovvn,10
tt0112471,Galina_movie_fan,9
tt0112471,whpratt1,10
tt0112471,Arcturus1980,10
tt1291584,ansharora-12638,9
tt1291584,classicsoncall,10
tt1291584,Vuraxis,9
tt1291584,severindringel,10
tt1291584,CANpatbuck3664,10
tt1291584,SnoopyStyle,8
tt1291584,neji107,9
tt1291584,Keith_545,10
tt1291584,MrSelfPaid,10
tt1291584,jon.h.ochiai,10
tt1979320,TheLittleSongbird,9
tt1979320,rogerdarlington,
tt1979320,tomgillespie2002,8
tt1979320,auuwws,9
tt1979320,evanston_dad,8
tt1979320,CalRhys,
tt1979320,bm2759,10
tt1979320,planktonrules,7
tt1979320,joechang-1,10
tt1979320,Muttley_McLad,10
tt2024544,lee_eisenberg,10
tt2024544,BackFire83,10
tt2024544,dvc5159,9
tt2024544,ClaytonDavis,10
tt2024544,ferguson-6,8
tt2024544,secondtake,8
tt2024544,Sergeant_Tibbs,9
tt2024544,rogerdarlington,
tt2024544,tigerfish50,9
tt2024544,tavm,10
tt0081398,MovieAddict2016,10
tt0081398,CinemaClown,
tt0081398,tfrizzell,
tt0081398,Xstal,8
tt0081398,blanche-2,5
tt0081398,bob the moo,
tt0081398,gavin6942,7
tt0081398,JamesHitchcock,7
tt0081398,SafReviews,5
tt0081398,waltergl,10
tt3011894,Her-Excellency,9
tt3011894,gogoschka-1,8
tt3011894,perica-43151,10
tt3011894,ahegde3149,8
tt3011894,ferguson-6,8
tt3011894,patrickfile,10
tt3011894,SnoopyStyle,8
tt3011894,lee_eisenberg,10
tt3011894,twilliams76,8
tt3011894,maurice_yacowar,10
tt0405159,NoArrow,
tt0405159,bkoganbing,10
tt0405159,auuwws,9
tt0405159,namashi_1,8
tt0405159,claudio_carvalho,10
tt0405159,marcosaguado,9
tt0405159,planktonrules,10
tt0405159,jotix100,10
tt0405159,lavatch,8
tt0405159,ezlidblue-1,10
tt0129167,Wizard-8,10
tt0129167,TheLittleSongbird,10
tt0129167,dpenny,10
tt0129167,Don-102,10
tt0129167,Gouda-3,
tt0129167,Figaro-6,10
tt0129167,flickjunkie-3,
tt0129167,pooch-8,
tt0129167,Rectangular_businessman,10
tt0129167,Anansi00,9
tt0072684,ccthemovieman-1,10
tt0072684,Spleen,10
tt0072684,Galina_movie_fan,10
tt0072684,Captain_Couth,10
tt0072684,tieman64,
tt0072684,TBJCSKCNRRQTreviews,10
tt0072684,pooch-8,
tt0072684,DennisLittrell,10
tt0072684,KimotoCat,10
tt0072684,TheAnimalMother,8
tt1028532,Davor_Blazevic_1959,9
tt1028532,JapanGaijin,10
tt1028532,elish-enuma-1,10
tt1028532,surfer-lancealot,10
tt1028532,classicsoncall,8
tt1028532,ccthemovieman-1,10
tt1028532,maria_c54,9
tt1028532,ankurin,10
tt1028532,MrHeraclius,
tt1028532,nainwal,10
tt0113247,classicsoncall,10
tt0113247,gogoschka-1,10
tt0113247,howard.schumann,
tt0113247,Bogey Man,10
tt0113247,dbdumonteil,8
tt0113247,kosmasp,10
tt0113247,Sergeant_Tibbs,10
tt0113247,Atlaz,8
tt0113247,hard2xplain,10
tt0113247,zetes,7
tt0096283,TheLittleSongbird,10
tt0096283,Galina_movie_fan,10
tt0096283,SnoopyStyle,8
tt0096283,planktonrules,10
tt0096283,Spectravideo,10
tt0096283,ghostofdaniel,10
tt0096283,burgan6203,10
tt0096283,kosmasp,10
tt0096283,EarthwormJimFan,10
tt0096283,Xstal,8
tt0074958,tfrizzell,
tt0074958,nycritic,10
tt0074958,Lechuguilla,9
tt0074958,dead47548,10
tt0074958,cchase,9
tt0074958,DKosty123,9
tt0074958,Coxer99,10
tt0074958,Putzberger,10
tt0074958,bankofmarquis,10
tt0074958,MichaelMargetis,9
tt0052618,gogoschka-1,10
tt0052618,Leofwine_draca,10
tt0052618,ElMaruecan82,10
tt0052618,A_Different_Drummer,10
tt0052618,lambiepie-2,10
tt0052618,filipemanuelneto,10
tt0052618,Quinoa1984,10
tt0052618,SimonJack,10
tt0052618,ccthemovieman-1,10
tt0052618,ironhorse_iv,9
tt0381681,ivko,10
tt0381681,film-critic,10
tt0381681,Superunknovvn,8
tt0381681,Chris Knipp,
tt0381681,Bob Pr.,10
tt0381681,preppy-3,10
tt0381681,FilmBuff77,10
tt0381681,Galina_movie_fan,9
tt0381681,FreddyShoop,10
tt0381681,Chrysanthepop,
tt0047296,Nazi_Fighter_David,10
tt0047296,ma-cortes,8
tt0047296,dougdoepke,
tt0047296,ExpendableMan,9
tt0047296,blanche-2,10
tt0047296,Kubris,9
tt0047296,PeachesIR,10
tt0047296,sme_no_densetsu,7
tt0047296,ccthemovieman-1,10
tt0047296,Fella_shibby,10
tt0395169,Surecure,10
tt0395169,wl323,
tt0395169,larajane,10
tt0395169,anhedonia,8
tt0395169,Proud_Canadian,9
tt0395169,ma-cortes,8
tt0395169,planktonrules,10
tt0395169,schicky,
tt0395169,RickyThind,10
tt0395169,bob the moo,
tt0050976,howard.schumann,
tt0050976,Quinoa1984,10
tt0050976,Cowman,
tt0050976,ACitizenCalledKane,10
tt0050976,Xstal,10
tt0050976,RWiggum,10
tt0050976,elvircorhodzic,9
tt0050976,Infofreak,
tt0050976,bsinc,6
tt0050976,jhclues,10
tt0245712,the red duchess,8
tt0245712,WriterDave,9
tt0245712,TheLittleSongbird,10
tt0245712,Infofreak,
tt0245712,dromasca,9
tt0245712,pawanpunjabithewriter,6
tt0245712,Prismark10,7
tt0245712,bob the moo,
tt0245712,CihanVercan,9
tt0245712,aknowles-1,8
tt0107207,Xstal,8
tt0107207,Howlin Wolf,10
tt0107207,jcanettis,10
tt0107207,Theo Robertson,7
tt0107207,genius-15,
tt0107207,JamesHitchcock,7
tt0107207,gavin6942,8
tt0107207,Chrysanthepop,
tt0107207,michelerealini,9
tt0107207,philip_vanderveken,8
tt0050212,EUyeshima,10
tt0050212,Doylenf,
tt0050212,jhclues,10
tt0050212,bat-5,10
tt0050212,Steffi_P,9
tt0050212,ccthemovieman-1,10
tt0050212,Nazi_Fighter_David,9
tt0050212,Sleepin_Dragon,10
tt0050212,Haplo-4,8
tt0050212,calspers,8
tt0060827,howard.schumann,
tt0060827,Galina_movie_fan,10
tt0060827,gftbiloxi,10
tt0060827,dromasca,8
tt0060827,davidmvining,10
tt0060827,TheLittleSongbird,10
tt0060827,nycritic,10
tt0060827,Quinoa1984,10
tt0060827,reelreviewsandrecommendations,7
tt0060827,ackstasis,7
tt0032976,AlsExGal,9
tt0032976,kosmasp,10
tt0032976,Infofreak,
tt0032976,nycritic,10
tt0032976,TheLittleSongbird,10
tt0032976,FiendishDramaturgy,10
tt0032976,rmax304823,
tt0032976,hitchcockthelegend,10
tt0032976,tfrizzell,
tt0032976,ma-cortes,8
tt0025316,bkoganbing,10
tt0025316,Snow Leopard,
tt0025316,aimless-46,9
tt0025316,Xstal,8
tt0025316,FilmOtaku,8
tt0025316,claudio_carvalho,10
tt0025316,lugonian,9
tt0025316,tcchelsey,10
tt0025316,Smells_Like_Cheese,10
tt0025316,comix-man,9
tt0032551,bkoganbing,10
tt0032551,Anonymous_Maxine,10
tt0032551,evanston_dad,9
tt0032551,inkblot11,10
tt0032551,jluis1984,10
tt0032551,Fella_shibby,10
tt0032551,tfrizzell,
tt0032551,grantss,10
tt0032551,Richie-67-485852,10
tt0032551,jay4stein79-1,10
tt0041959,blanche-2,10
tt0041959,dougdoepke,
tt0041959,gogoschka-1,10
tt0041959,frankwiener,9
tt0041959,Teyss,10
tt0041959,Lechuguilla,9
tt0041959,uds3,
tt0041959,Snow Leopard,
tt0041959,SnoopyStyle,7
tt0041959,mmt02,10
tt0978762,claudio_carvalho,9
tt0978762,Likes_Ninjas90,8
tt0978762,Xstal,8
tt0978762,MatthewInSydney,8
tt0978762,manicman84,10
tt0978762,jon-larsen,9
tt0978762,hyder_sagg2003,10
tt0978762,planktonrules,10
tt0978762,ori_64,10
tt0978762,TheLittleSongbird,10
tt0036868,bkoganbing,10
tt0036868,secondtake,10
tt0036868,tim-764-291856,9
tt0036868,GMJames,10
tt0036868,SmileysWorld,8
tt0036868,tomsview,10
tt0036868,gavin6942,8
tt0036868,utgard14,10
tt0036868,classicsoncall,9
tt0036868,CinemaClown,
tt0015864,planktonrules,10
tt0015864,lee_eisenberg,10
tt0015864,Snow Leopard,
tt0015864,Anonymous_Maxine,10
tt0015864,tfrizzell,
tt0015864,Xstal,9
tt0015864,didi-5,8
tt0015864,Petey-10,
tt0015864,ma-cortes,8
tt0015864,ACitizenCalledKane,10
tt0053198,stryker-5,
tt0053198,FilmOtaku,8
tt0053198,Camera-Obscura,
tt0053198,Snow Leopard,
tt0053198,EUyeshima,9
tt0053198,zetes,10
tt0053198,Prismark10,7
tt0053198,ma-cortes,7
tt0053198,miguel_marques,
tt0053198,grantss,7
tt0050986,planktonrules,9
tt0050986,DennisLittrell,10
tt0050986,evanston_dad,10
tt0050986,Galina_movie_fan,10
tt0050986,jonr-3,10
tt0050986,sol-kay,8
tt0050986,Vincentiu,10
tt0050986,pooch-8,
tt0050986,iam-1,8
tt0050986,ma-cortes,7
tt0031679,FlickJunkie-2,10
tt0031679,Xstal,9
tt0031679,tfrizzell,
tt0031679,Snow Leopard,
tt0031679,zkonedog,9
tt0031679,gbill-74877,8
tt0031679,grantss,10
tt0031679,Quinoa1984,10
tt0031679,stuartpiles,10
tt0031679,Doylenf,
tt0058946,Chris Knipp,
tt0058946,Fella_shibby,10
tt0058946,JohnDeSando,
tt0058946,Tony43,
tt0058946,Sigmund,8
tt0058946,Bobbyh-2,
tt0058946,Xstal,9
tt0058946,Spuzzlightyear,10
tt0058946,ryzzard,10
tt0058946,claudio_carvalho,10
tt0017925,MadReviewer,9
tt0017925,tedg,
tt0017925,imogensara_smith,10
tt0017925,theowinthrop,10
tt0017925,AlsExGal,9
tt0017925,SnoopyStyle,8
tt0017925,Snow Leopard,
tt0017925,J. Spurlin,
tt0017925,Xstal,9
tt0017925,classicsoncall,7
tt0317705,evansjoshyr,10
tt0317705,Quinoa1984,10
tt0317705,Sargebri,
tt0317705,basrutten,9
tt0317705,PyrolyticCarbon,10
tt0317705,jon.h.ochiai,10
tt0317705,Mr Parker,10
tt0317705,ccthemovieman-1,8
tt0317705,MovieAddict2016,9
tt0317705,Smells_Like_Cheese,10
tt0099348,gbill-74877,9
tt0099348,hitchcockthelegend,10
tt0099348,bheadher,10
tt0099348,Wuchakk,10
tt0099348,mattrochman,10
tt0099348,PhilipJames1980,10
tt0099348,reporterman2000,10
tt0099348,Nazi_Fighter_David,9
tt0099348,The_Stuff_of_Dreams,10
tt0099348,TheUnknown837-1,10
tt0103639,Smells_Like_Cheese,10
tt0103639,Boba_Fett1138,9
tt0103639,ccthemovieman-1,10
tt0103639,ElMaruecan82,10
tt0103639,aesgaard41,10
tt0103639,gazzo-2,
tt0103639,TheLittleSongbird,10
tt0103639,grahamsj3,7
tt0103639,dcldan,8
tt0103639,Atreyu_II,8
tt0107048,gogoschka-1,10
tt0107048,kylopod,10
tt0107048,Ric-7,10
tt0107048,perica-43151,10
tt0107048,elijah-alcantara,9
tt0107048,Galina_movie_fan,9
tt0107048,barnabyrudge,8
tt0107048,namashi_1,10
tt0107048,Xstal,8
tt0107048,Hitchcoc,9
tt0079470,gogoschka-1,10
tt0079470,TheLittleSongbird,10
tt0079470,filmbuff-05706,10
tt0079470,lee_eisenberg,10
tt0079470,alice liddell,10
tt0079470,Hitchcoc,10
tt0079470,the_barnacle,10
tt0079470,TBJCSKCNRRQTreviews,8
tt0079470,gbill-74877,8
tt0079470,Quinoa1984,10
